Order,Time (seconds)
2, 0.24860209489997942s
4, 0.8189974269000686s
8, 2.3804883372999486s
16, 27.484900246300004s
24, 65.20581728570009s
